ts,o,h,l,c,v
2025-08-27 15:00:00+00:00,30056.917420633632,30076.917420633632,30036.917420633632,30056.917420633632,137
2025-08-27 16:00:00+00:00,30052.48079030127,30072.48079030127,30032.48079030127,30052.48079030127,212
2025-08-27 17:00:00+00:00,30017.98093362431,30037.98093362431,29997.98093362431,30017.98093362431,826
2025-08-27 18:00:00+00:00,29987.924959275326,30007.924959275326,29967.924959275326,29987.924959275326,103
2025-08-27 19:00:00+00:00,30038.117529997184,30058.117529997184,30018.117529997184,30038.117529997184,284
2025-08-27 20:00:00+00:00,30010.14179265011,30030.14179265011,29990.14179265011,30010.14179265011,732
2025-08-27 21:00:00+00:00,29994.211968320735,30014.211968320735,29974.211968320735,29994.211968320735,426
2025-08-27 22:00:00+00:00,30077.41495276983,30097.41495276983,30057.41495276983,30077.41495276983,53
2025-08-27 23:00:00+00:00,30087.626422874302,30107.626422874302,30067.626422874302,30087.626422874302,818
2025-08-28 00:00:00+00:00,30035.95994907309,30055.95994907309,30015.95994907309,30035.95994907309,861
2025-08-28 01:00:00+00:00,30051.736612030887,30071.736612030887,30031.736612030887,30051.736612030887,537
2025-08-28 02:00:00+00:00,30043.79937288256,30063.79937288256,30023.79937288256,30043.79937288256,512
2025-08-28 03:00:00+00:00,29994.336959293516,30014.336959293516,29974.336959293516,29994.336959293516,731
2025-08-28 04:00:00+00:00,29974.67486549753,29994.67486549753,29954.67486549753,29974.67486549753,927
2025-08-28 05:00:00+00:00,30062.880494318902,30082.880494318902,30042.880494318902,30062.880494318902,457
2025-08-28 06:00:00+00:00,30028.155436382705,30048.155436382705,30008.155436382705,30028.155436382705,705
2025-08-28 07:00:00+00:00,30035.633375167323,30055.633375167323,30015.633375167323,30035.633375167323,251
2025-08-28 08:00:00+00:00,29952.843457783314,29972.843457783314,29932.843457783314,29952.843457783314,97
2025-08-28 09:00:00+00:00,29970.024708554396,29990.024708554396,29950.024708554396,29970.024708554396,293
2025-08-28 10:00:00+00:00,30054.243072478508,30074.243072478508,30034.243072478508,30054.243072478508,736
2025-08-28 11:00:00+00:00,30024.23305927697,30044.23305927697,30004.23305927697,30024.23305927697,730
2025-08-28 12:00:00+00:00,29980.162570659006,30000.162570659006,29960.162570659006,29980.162570659006,980
2025-08-28 13:00:00+00:00,29980.333932832844,30000.333932832844,29960.333932832844,29980.333932832844,29
2025-08-28 14:00:00+00:00,30070.750134274385,30090.750134274385,30050.750134274385,30070.750134274385,495
2025-08-28 15:00:00+00:00,30130.17213724629,30150.17213724629,30110.17213724629,30130.17213724629,409
2025-08-28 16:00:00+00:00,30153.86137505778,30173.86137505778,30133.86137505778,30153.86137505778,536
2025-08-28 17:00:00+00:00,30250.20596793217,30270.20596793217,30230.20596793217,30250.20596793217,209
2025-08-28 18:00:00+00:00,30293.237897270275,30313.237897270275,30273.237897270275,30293.237897270275,726
2025-08-28 19:00:00+00:00,30292.856953999795,30312.856953999795,30272.856953999795,30292.856953999795,980
2025-08-28 20:00:00+00:00,30156.063437639885,30176.063437639885,30136.063437639885,30156.063437639885,307
2025-08-28 21:00:00+00:00,30241.85354726018,30261.85354726018,30221.85354726018,30241.85354726018,577
2025-08-28 22:00:00+00:00,30177.45347292743,30197.45347292743,30157.45347292743,30177.45347292743,860
2025-08-28 23:00:00+00:00,30137.738209470597,30157.738209470597,30117.738209470597,30137.738209470597,144
2025-08-29 00:00:00+00:00,30203.989835820103,30223.989835820103,30183.989835820103,30203.989835820103,571
2025-08-29 01:00:00+00:00,30289.18460957048,30309.18460957048,30269.18460957048,30289.18460957048,830
2025-08-29 02:00:00+00:00,30207.171788522654,30227.171788522654,30187.171788522654,30207.171788522654,894
2025-08-29 03:00:00+00:00,30259.093815522552,30279.093815522552,30239.093815522552,30259.093815522552,950
2025-08-29 04:00:00+00:00,30235.081355404203,30255.081355404203,30215.081355404203,30235.081355404203,426
2025-08-29 05:00:00+00:00,30223.301848687628,30243.301848687628,30203.301848687628,30223.301848687628,104
2025-08-29 06:00:00+00:00,30153.60315687271,30173.60315687271,30133.60315687271,30153.60315687271,878
2025-08-29 07:00:00+00:00,30189.076056331032,30209.076056331032,30169.076056331032,30189.076056331032,944
2025-08-29 08:00:00+00:00,30184.14719661406,30204.14719661406,30164.14719661406,30184.14719661406,224
2025-08-29 09:00:00+00:00,30228.894044897675,30248.894044897675,30208.894044897675,30228.894044897675,32
2025-08-29 10:00:00+00:00,30189.057055105917,30209.057055105917,30169.057055105917,30189.057055105917,549
2025-08-29 11:00:00+00:00,30233.787101354512,30253.787101354512,30213.787101354512,30233.787101354512,636
2025-08-29 12:00:00+00:00,30257.5462271406,30277.5462271406,30237.5462271406,30257.5462271406,226
2025-08-29 13:00:00+00:00,30298.9187755228,30318.9187755228,30278.9187755228,30298.9187755228,193
2025-08-29 14:00:00+00:00,30261.66351285468,30281.66351285468,30241.66351285468,30261.66351285468,841
2025-08-29 15:00:00+00:00,30234.270348268525,30254.270348268525,30214.270348268525,30234.270348268525,93
2025-08-29 16:00:00+00:00,30285.600654167036,30305.600654167036,30265.600654167036,30285.600654167036,890
2025-08-29 17:00:00+00:00,30297.61718427435,30317.61718427435,30277.61718427435,30297.61718427435,851
2025-08-29 18:00:00+00:00,30256.161233810064,30276.161233810064,30236.161233810064,30256.161233810064,677
2025-08-29 19:00:00+00:00,30215.958445318473,30235.958445318473,30195.958445318473,30215.958445318473,641
2025-08-29 20:00:00+00:00,30279.192735915865,30299.192735915865,30259.192735915865,30279.192735915865,710
2025-08-29 21:00:00+00:00,30222.747534850503,30242.747534850503,30202.747534850503,30222.747534850503,377
2025-08-29 22:00:00+00:00,30200.120089677475,30220.120089677475,30180.120089677475,30200.120089677475,684
2025-08-29 23:00:00+00:00,30185.07713590349,30205.07713590349,30165.07713590349,30185.07713590349,118
2025-08-30 00:00:00+00:00,30237.103855602745,30257.103855602745,30217.103855602745,30237.103855602745,457
2025-08-30 01:00:00+00:00,30307.66267366514,30327.66267366514,30287.66267366514,30307.66267366514,492
2025-08-30 02:00:00+00:00,30412.392643585627,30432.392643585627,30392.392643585627,30412.392643585627,843
2025-08-30 03:00:00+00:00,30342.48508832861,30362.48508832861,30322.48508832861,30342.48508832861,505
2025-08-30 04:00:00+00:00,30335.8525428155,30355.8525428155,30315.8525428155,30335.8525428155,34
2025-08-30 05:00:00+00:00,30365.346774124915,30385.346774124915,30345.346774124915,30365.346774124915,46
2025-08-30 06:00:00+00:00,30298.755542938954,30318.755542938954,30278.755542938954,30298.755542938954,919
2025-08-30 07:00:00+00:00,30261.996121909557,30281.996121909557,30241.996121909557,30261.996121909557,897
2025-08-30 08:00:00+00:00,30325.519012894376,30345.519012894376,30305.519012894376,30325.519012894376,852
2025-08-30 09:00:00+00:00,30376.118062120582,30396.118062120582,30356.118062120582,30376.118062120582,173
2025-08-30 10:00:00+00:00,30308.428882035023,30328.428882035023,30288.428882035023,30308.428882035023,942
2025-08-30 11:00:00+00:00,30295.935556248656,30315.935556248656,30275.935556248656,30295.935556248656,223
2025-08-30 12:00:00+00:00,30412.44403643826,30432.44403643826,30392.44403643826,30412.44403643826,367
2025-08-30 13:00:00+00:00,30470.650107939862,30490.650107939862,30450.650107939862,30470.650107939862,507
2025-08-30 14:00:00+00:00,30445.18181986569,30465.18181986569,30425.18181986569,30445.18181986569,35
2025-08-30 15:00:00+00:00,30407.14842241767,30427.14842241767,30387.14842241767,30407.14842241767,684
2025-08-30 16:00:00+00:00,30452.83401409264,30472.83401409264,30432.83401409264,30452.83401409264,983
2025-08-30 17:00:00+00:00,30443.40331317528,30463.40331317528,30423.40331317528,30443.40331317528,378
2025-08-30 18:00:00+00:00,30429.9797929354,30449.9797929354,30409.9797929354,30429.9797929354,595
2025-08-30 19:00:00+00:00,30432.37170868923,30452.37170868923,30412.37170868923,30432.37170868923,348
2025-08-30 20:00:00+00:00,30332.34989999449,30352.34989999449,30312.34989999449,30332.34989999449,166
2025-08-30 21:00:00+00:00,30258.232340506416,30278.232340506416,30238.232340506416,30258.232340506416,503
2025-08-30 22:00:00+00:00,30252.052217519726,30272.052217519726,30232.052217519726,30252.052217519726,884
2025-08-30 23:00:00+00:00,30165.19287688197,30185.19287688197,30145.19287688197,30165.19287688197,149
2025-08-31 00:00:00+00:00,30096.058026842802,30116.058026842802,30076.058026842802,30096.058026842802,342
2025-08-31 01:00:00+00:00,30080.253832448496,30100.253832448496,30060.253832448496,30080.253832448496,68
2025-08-31 02:00:00+00:00,30063.955955869773,30083.955955869773,30043.955955869773,30063.955955869773,900
2025-08-31 03:00:00+00:00,30046.161926970282,30066.161926970282,30026.161926970282,30046.161926970282,247
2025-08-31 04:00:00+00:00,29972.38162278392,29992.38162278392,29952.38162278392,29972.38162278392,627
2025-08-31 05:00:00+00:00,29987.416384507425,30007.416384507425,29967.416384507425,29987.416384507425,963
2025-08-31 06:00:00+00:00,29958.893064789238,29978.893064789238,29938.893064789238,29958.893064789238,332
2025-08-31 07:00:00+00:00,29942.9480272889,29962.9480272889,29922.9480272889,29942.9480272889,91
2025-08-31 08:00:00+00:00,29899.38769120945,29919.38769120945,29879.38769120945,29899.38769120945,66
2025-08-31 09:00:00+00:00,29867.773903457855,29887.773903457855,29847.773903457855,29867.773903457855,540
2025-08-31 10:00:00+00:00,29808.006100557977,29828.006100557977,29788.006100557977,29808.006100557977,192
2025-08-31 11:00:00+00:00,29688.555450621356,29708.555450621356,29668.555450621356,29688.555450621356,589
2025-08-31 12:00:00+00:00,29742.176302395623,29762.176302395623,29722.176302395623,29742.176302395623,959
2025-08-31 13:00:00+00:00,29734.818040530095,29754.818040530095,29714.818040530095,29734.818040530095,790
2025-08-31 14:00:00+00:00,29685.287003234283,29705.287003234283,29665.287003234283,29685.287003234283,564
2025-08-31 15:00:00+00:00,29683.92880143779,29703.92880143779,29663.92880143779,29683.92880143779,137
2025-08-31 16:00:00+00:00,29634.36228345077,29654.36228345077,29614.36228345077,29634.36228345077,934
2025-08-31 17:00:00+00:00,29573.15066077013,29593.15066077013,29553.15066077013,29573.15066077013,808
2025-08-31 18:00:00+00:00,29610.92774312198,29630.92774312198,29590.92774312198,29610.92774312198,143
2025-08-31 19:00:00+00:00,29599.92573339125,29619.92573339125,29579.92573339125,29599.92573339125,120
2025-08-31 20:00:00+00:00,29659.38348620447,29679.38348620447,29639.38348620447,29659.38348620447,833
2025-08-31 21:00:00+00:00,29626.665118682482,29646.665118682482,29606.665118682482,29626.665118682482,738
2025-08-31 22:00:00+00:00,29664.689886482378,29684.689886482378,29644.689886482378,29664.689886482378,820
2025-08-31 23:00:00+00:00,29606.739088308732,29626.739088308732,29586.739088308732,29606.739088308732,933
2025-09-01 00:00:00+00:00,29664.179592661254,29684.179592661254,29644.179592661254,29664.179592661254,220
2025-09-01 01:00:00+00:00,29667.319093425052,29687.319093425052,29647.319093425052,29667.319093425052,955
2025-09-01 02:00:00+00:00,29620.883664527602,29640.883664527602,29600.883664527602,29620.883664527602,360
2025-09-01 03:00:00+00:00,29708.126748090897,29728.126748090897,29688.126748090897,29708.126748090897,152
2025-09-01 04:00:00+00:00,29752.018370196456,29772.018370196456,29732.018370196456,29752.018370196456,151
2025-09-01 05:00:00+00:00,29708.620807262585,29728.620807262585,29688.620807262585,29708.620807262585,481
2025-09-01 06:00:00+00:00,29704.419482131663,29724.419482131663,29684.419482131663,29704.419482131663,746
2025-09-01 07:00:00+00:00,29771.475358355307,29791.475358355307,29751.475358355307,29771.475358355307,962
2025-09-01 08:00:00+00:00,29683.66024717315,29703.66024717315,29663.66024717315,29683.66024717315,711
2025-09-01 09:00:00+00:00,29719.962931319893,29739.962931319893,29699.962931319893,29719.962931319893,726
2025-09-01 10:00:00+00:00,29789.905051519585,29809.905051519585,29769.905051519585,29789.905051519585,817
2025-09-01 11:00:00+00:00,29784.89631931542,29804.89631931542,29764.89631931542,29784.89631931542,839
2025-09-01 12:00:00+00:00,29798.185484600832,29818.185484600832,29778.185484600832,29798.185484600832,24
2025-09-01 13:00:00+00:00,29774.234630262297,29794.234630262297,29754.234630262297,29774.234630262297,391
2025-09-01 14:00:00+00:00,29820.316987955568,29840.316987955568,29800.316987955568,29820.316987955568,679
2025-09-01 15:00:00+00:00,29800.767675651852,29820.767675651852,29780.767675651852,29800.767675651852,14
2025-09-01 16:00:00+00:00,29779.935587128257,29799.935587128257,29759.935587128257,29779.935587128257,482
2025-09-01 17:00:00+00:00,29748.98126744668,29768.98126744668,29728.98126744668,29748.98126744668,912
2025-09-01 18:00:00+00:00,29776.51489202789,29796.51489202789,29756.51489202789,29776.51489202789,612
2025-09-01 19:00:00+00:00,29689.27642122193,29709.27642122193,29669.27642122193,29689.27642122193,750
2025-09-01 20:00:00+00:00,29650.19765787556,29670.19765787556,29630.19765787556,29650.19765787556,268
2025-09-01 21:00:00+00:00,29614.608701328012,29634.608701328012,29594.608701328012,29614.608701328012,466
2025-09-01 22:00:00+00:00,29641.158421356406,29661.158421356406,29621.158421356406,29641.158421356406,300
2025-09-01 23:00:00+00:00,29665.88049544553,29685.88049544553,29645.88049544553,29665.88049544553,960
2025-09-02 00:00:00+00:00,29696.798692961158,29716.798692961158,29676.798692961158,29696.798692961158,612
2025-09-02 01:00:00+00:00,29832.2930899076,29852.2930899076,29812.2930899076,29832.2930899076,406
2025-09-02 02:00:00+00:00,29768.16476074806,29788.16476074806,29748.16476074806,29768.16476074806,645
2025-09-02 03:00:00+00:00,29711.090445130423,29731.090445130423,29691.090445130423,29711.090445130423,353
2025-09-02 04:00:00+00:00,29861.168825954785,29881.168825954785,29841.168825954785,29861.168825954785,870
2025-09-02 05:00:00+00:00,29812.723457721357,29832.723457721357,29792.723457721357,29812.723457721357,890
2025-09-02 06:00:00+00:00,29780.092378933386,29800.092378933386,29760.092378933386,29780.092378933386,446
2025-09-02 07:00:00+00:00,29815.38011475444,29835.38011475444,29795.38011475444,29815.38011475444,26
2025-09-02 08:00:00+00:00,29797.243108998075,29817.243108998075,29777.243108998075,29797.243108998075,910
2025-09-02 09:00:00+00:00,29712.07708701347,29732.07708701347,29692.07708701347,29712.07708701347,857
2025-09-02 10:00:00+00:00,29763.56229003905,29783.56229003905,29743.56229003905,29763.56229003905,683
2025-09-02 11:00:00+00:00,29737.32716118014,29757.32716118014,29717.32716118014,29737.32716118014,191
2025-09-02 12:00:00+00:00,29633.827750126457,29653.827750126457,29613.827750126457,29633.827750126457,198
2025-09-02 13:00:00+00:00,29638.602941292735,29658.602941292735,29618.602941292735,29638.602941292735,130
2025-09-02 14:00:00+00:00,29586.103027777575,29606.103027777575,29566.103027777575,29586.103027777575,110
2025-09-02 15:00:00+00:00,29666.20327632961,29686.20327632961,29646.20327632961,29666.20327632961,919
2025-09-02 16:00:00+00:00,29751.5272087621,29771.5272087621,29731.5272087621,29751.5272087621,453
2025-09-02 17:00:00+00:00,29755.83119000371,29775.83119000371,29735.83119000371,29755.83119000371,404
2025-09-02 18:00:00+00:00,29820.458403993518,29840.458403993518,29800.458403993518,29820.458403993518,524
2025-09-02 19:00:00+00:00,29847.451914460078,29867.451914460078,29827.451914460078,29847.451914460078,866
2025-09-02 20:00:00+00:00,29857.115932130968,29877.115932130968,29837.115932130968,29857.115932130968,774
2025-09-02 21:00:00+00:00,29770.03911078107,29790.03911078107,29750.03911078107,29770.03911078107,386
2025-09-02 22:00:00+00:00,29780.044106145913,29800.044106145913,29760.044106145913,29780.044106145913,879
2025-09-02 23:00:00+00:00,29781.943450613722,29801.943450613722,29761.943450613722,29781.943450613722,187
2025-09-03 00:00:00+00:00,29775.20534243411,29795.20534243411,29755.20534243411,29775.20534243411,242
2025-09-03 01:00:00+00:00,29774.428527429103,29794.428527429103,29754.428527429103,29774.428527429103,378
2025-09-03 02:00:00+00:00,29733.089065103428,29753.089065103428,29713.089065103428,29733.089065103428,276
2025-09-03 03:00:00+00:00,29760.260489152653,29780.260489152653,29740.260489152653,29760.260489152653,195
2025-09-03 04:00:00+00:00,29801.935279868874,29821.935279868874,29781.935279868874,29801.935279868874,373
2025-09-03 05:00:00+00:00,29820.512480268695,29840.512480268695,29800.512480268695,29820.512480268695,939
2025-09-03 06:00:00+00:00,29778.982986268187,29798.982986268187,29758.982986268187,29778.982986268187,370
2025-09-03 07:00:00+00:00,29870.526407962294,29890.526407962294,29850.526407962294,29870.526407962294,673
2025-09-03 08:00:00+00:00,29934.88763554749,29954.88763554749,29914.88763554749,29934.88763554749,533
2025-09-03 09:00:00+00:00,29949.89219215894,29969.89219215894,29929.89219215894,29949.89219215894,318
2025-09-03 10:00:00+00:00,30026.884369338157,30046.884369338157,30006.884369338157,30026.884369338157,538
2025-09-03 11:00:00+00:00,30013.15547036807,30033.15547036807,29993.15547036807,30013.15547036807,245
2025-09-03 12:00:00+00:00,30082.348247974838,30102.348247974838,30062.348247974838,30082.348247974838,479
2025-09-03 13:00:00+00:00,30136.01978917907,30156.01978917907,30116.01978917907,30136.01978917907,999
2025-09-03 14:00:00+00:00,30141.911849768574,30161.911849768574,30121.911849768574,30141.911849768574,596
2025-09-03 15:00:00+00:00,30184.082634332382,30204.082634332382,30164.082634332382,30184.082634332382,234
2025-09-03 16:00:00+00:00,30153.153387314152,30173.153387314152,30133.153387314152,30153.153387314152,748
2025-09-03 17:00:00+00:00,30088.47486235237,30108.47486235237,30068.47486235237,30088.47486235237,819
2025-09-03 18:00:00+00:00,30114.966928525108,30134.966928525108,30094.966928525108,30114.966928525108,509
2025-09-03 19:00:00+00:00,30087.251758895116,30107.251758895116,30067.251758895116,30087.251758895116,448
2025-09-03 20:00:00+00:00,30128.297246143225,30148.297246143225,30108.297246143225,30128.297246143225,515
2025-09-03 21:00:00+00:00,30222.318752603907,30242.318752603907,30202.318752603907,30222.318752603907,511
2025-09-03 22:00:00+00:00,30210.300313798332,30230.300313798332,30190.300313798332,30210.300313798332,972
2025-09-03 23:00:00+00:00,30179.75290501403,30199.75290501403,30159.75290501403,30179.75290501403,437
2025-09-04 00:00:00+00:00,30109.4217705176,30129.4217705176,30089.4217705176,30109.4217705176,368
2025-09-04 01:00:00+00:00,30071.788645091434,30091.788645091434,30051.788645091434,30071.788645091434,151
2025-09-04 02:00:00+00:00,30125.359662465045,30145.359662465045,30105.359662465045,30125.359662465045,43
2025-09-04 03:00:00+00:00,30169.382548119345,30189.382548119345,30149.382548119345,30169.382548119345,169
2025-09-04 04:00:00+00:00,30112.78768030067,30132.78768030067,30092.78768030067,30112.78768030067,891
2025-09-04 05:00:00+00:00,30086.590105154562,30106.590105154562,30066.590105154562,30086.590105154562,542
2025-09-04 06:00:00+00:00,30199.21187755865,30219.21187755865,30179.21187755865,30199.21187755865,964
2025-09-04 07:00:00+00:00,30283.384503536556,30303.384503536556,30263.384503536556,30283.384503536556,552
2025-09-04 08:00:00+00:00,30301.125907994992,30321.125907994992,30281.125907994992,30301.125907994992,684
2025-09-04 09:00:00+00:00,30261.783581233456,30281.783581233456,30241.783581233456,30261.783581233456,372
2025-09-04 10:00:00+00:00,30330.233989210265,30350.233989210265,30310.233989210265,30330.233989210265,305
2025-09-04 11:00:00+00:00,30310.5205856644,30330.5205856644,30290.5205856644,30310.5205856644,331
2025-09-04 12:00:00+00:00,30288.75834658528,30308.75834658528,30268.75834658528,30288.75834658528,911
2025-09-04 13:00:00+00:00,30301.770943560987,30321.770943560987,30281.770943560987,30301.770943560987,880
2025-09-04 14:00:00+00:00,30252.97786391017,30272.97786391017,30232.97786391017,30252.97786391017,554
2025-09-04 15:00:00+00:00,30256.11962312197,30276.11962312197,30236.11962312197,30256.11962312197,387
2025-09-04 16:00:00+00:00,30194.84266554931,30214.84266554931,30174.84266554931,30194.84266554931,270
2025-09-04 17:00:00+00:00,30149.228315749664,30169.228315749664,30129.228315749664,30149.228315749664,247
2025-09-04 18:00:00+00:00,30195.360998820473,30215.360998820473,30175.360998820473,30195.360998820473,30
2025-09-04 19:00:00+00:00,30190.646412223792,30210.646412223792,30170.646412223792,30190.646412223792,743
2025-09-04 20:00:00+00:00,30166.180537328622,30186.180537328622,30146.180537328622,30166.180537328622,751
2025-09-04 21:00:00+00:00,30149.305905835336,30169.305905835336,30129.305905835336,30149.305905835336,99
2025-09-04 22:00:00+00:00,30184.89024141452,30204.89024141452,30164.89024141452,30184.89024141452,42
2025-09-04 23:00:00+00:00,30160.660478636077,30180.660478636077,30140.660478636077,30160.660478636077,458
2025-09-05 00:00:00+00:00,30205.086677447613,30225.086677447613,30185.086677447613,30205.086677447613,999
2025-09-05 01:00:00+00:00,30212.41308683922,30232.41308683922,30192.41308683922,30212.41308683922,483
2025-09-05 02:00:00+00:00,30156.299073846945,30176.299073846945,30136.299073846945,30156.299073846945,375
2025-09-05 03:00:00+00:00,30180.96740220992,30200.96740220992,30160.96740220992,30180.96740220992,397
2025-09-05 04:00:00+00:00,30193.54400665488,30213.54400665488,30173.54400665488,30193.54400665488,976
2025-09-05 05:00:00+00:00,30284.094383000767,30304.094383000767,30264.094383000767,30284.094383000767,104
2025-09-05 06:00:00+00:00,30258.296920876735,30278.296920876735,30238.296920876735,30258.296920876735,47
2025-09-05 07:00:00+00:00,30241.647666272514,30261.647666272514,30221.647666272514,30241.647666272514,576
2025-09-05 08:00:00+00:00,30200.167918860356,30220.167918860356,30180.167918860356,30200.167918860356,962
2025-09-05 09:00:00+00:00,30254.962658380944,30274.962658380944,30234.962658380944,30254.962658380944,717
2025-09-05 10:00:00+00:00,30231.25440371953,30251.25440371953,30211.25440371953,30231.25440371953,801
2025-09-05 11:00:00+00:00,30258.654706753998,30278.654706753998,30238.654706753998,30258.654706753998,428
2025-09-05 12:00:00+00:00,30233.54351370316,30253.54351370316,30213.54351370316,30233.54351370316,224
2025-09-05 13:00:00+00:00,30162.72955685703,30182.72955685703,30142.72955685703,30162.72955685703,504
2025-09-05 14:00:00+00:00,30059.209779617213,30079.209779617213,30039.209779617213,30059.209779617213,293
2025-09-05 15:00:00+00:00,30082.785036025212,30102.785036025212,30062.785036025212,30082.785036025212,960
2025-09-05 16:00:00+00:00,30024.401433568957,30044.401433568957,30004.401433568957,30024.401433568957,341
2025-09-05 17:00:00+00:00,30031.2697701444,30051.2697701444,30011.2697701444,30031.2697701444,957
2025-09-05 18:00:00+00:00,30046.06817693428,30066.06817693428,30026.06817693428,30046.06817693428,256
2025-09-05 19:00:00+00:00,30036.785434072077,30056.785434072077,30016.785434072077,30036.785434072077,453
2025-09-05 20:00:00+00:00,30097.22389714289,30117.22389714289,30077.22389714289,30097.22389714289,680
2025-09-05 21:00:00+00:00,30140.845100686856,30160.845100686856,30120.845100686856,30140.845100686856,579
2025-09-05 22:00:00+00:00,30114.071399830245,30134.071399830245,30094.071399830245,30114.071399830245,796
2025-09-05 23:00:00+00:00,30104.219680635993,30124.219680635993,30084.219680635993,30104.219680635993,775
2025-09-06 00:00:00+00:00,30093.697352449948,30113.697352449948,30073.697352449948,30093.697352449948,720
2025-09-06 01:00:00+00:00,30038.28193215131,30058.28193215131,30018.28193215131,30038.28193215131,423
2025-09-06 02:00:00+00:00,30054.563187530264,30074.563187530264,30034.563187530264,30054.563187530264,646
2025-09-06 03:00:00+00:00,30063.315289855484,30083.315289855484,30043.315289855484,30063.315289855484,749
2025-09-06 04:00:00+00:00,30055.43324586656,30075.43324586656,30035.43324586656,30055.43324586656,191
2025-09-06 05:00:00+00:00,29952.713938512516,29972.713938512516,29932.713938512516,29952.713938512516,607
2025-09-06 06:00:00+00:00,29933.195853895293,29953.195853895293,29913.195853895293,29933.195853895293,840
2025-09-06 07:00:00+00:00,29943.34597254883,29963.34597254883,29923.34597254883,29943.34597254883,403
2025-09-06 08:00:00+00:00,29936.87323224012,29956.87323224012,29916.87323224012,29936.87323224012,812
2025-09-06 09:00:00+00:00,29899.620224047692,29919.620224047692,29879.620224047692,29899.620224047692,325
2025-09-06 10:00:00+00:00,29795.72222481903,29815.72222481903,29775.72222481903,29795.72222481903,595
2025-09-06 11:00:00+00:00,29785.201786582857,29805.201786582857,29765.201786582857,29785.201786582857,369
2025-09-06 12:00:00+00:00,29797.737555187305,29817.737555187305,29777.737555187305,29797.737555187305,141
2025-09-06 13:00:00+00:00,29842.944311434847,29862.944311434847,29822.944311434847,29842.944311434847,483
2025-09-06 14:00:00+00:00,29817.907568563773,29837.907568563773,29797.907568563773,29817.907568563773,424
2025-09-06 15:00:00+00:00,29753.58843926752,29773.58843926752,29733.58843926752,29753.58843926752,210
2025-09-06 16:00:00+00:00,29678.52230458413,29698.52230458413,29658.52230458413,29678.52230458413,263
2025-09-06 17:00:00+00:00,29688.1903226473,29708.1903226473,29668.1903226473,29688.1903226473,719
2025-09-06 18:00:00+00:00,29691.667865611023,29711.667865611023,29671.667865611023,29691.667865611023,461
2025-09-06 19:00:00+00:00,29723.763644505543,29743.763644505543,29703.763644505543,29723.763644505543,38
2025-09-06 20:00:00+00:00,29764.64984028092,29784.64984028092,29744.64984028092,29764.64984028092,722
2025-09-06 21:00:00+00:00,29776.285238378867,29796.285238378867,29756.285238378867,29776.285238378867,575
2025-09-06 22:00:00+00:00,29775.326713377417,29795.326713377417,29755.326713377417,29775.326713377417,232
2025-09-06 23:00:00+00:00,29811.072203934167,29831.072203934167,29791.072203934167,29811.072203934167,620
2025-09-07 00:00:00+00:00,29746.171662002333,29766.171662002333,29726.171662002333,29746.171662002333,667
2025-09-07 01:00:00+00:00,29770.83192775696,29790.83192775696,29750.83192775696,29770.83192775696,816
2025-09-07 02:00:00+00:00,29704.163541902297,29724.163541902297,29684.163541902297,29704.163541902297,236
2025-09-07 03:00:00+00:00,29661.630094662793,29681.630094662793,29641.630094662793,29661.630094662793,891
2025-09-07 04:00:00+00:00,29634.001940668935,29654.001940668935,29614.001940668935,29634.001940668935,539
2025-09-07 05:00:00+00:00,29658.36685790191,29678.36685790191,29638.36685790191,29658.36685790191,697
2025-09-07 06:00:00+00:00,29568.360771938187,29588.360771938187,29548.360771938187,29568.360771938187,402
2025-09-07 07:00:00+00:00,29599.788050596282,29619.788050596282,29579.788050596282,29599.788050596282,848
2025-09-07 08:00:00+00:00,29656.961527265434,29676.961527265434,29636.961527265434,29656.961527265434,530
2025-09-07 09:00:00+00:00,29722.592619397234,29742.592619397234,29702.592619397234,29722.592619397234,248
2025-09-07 10:00:00+00:00,29777.07498092362,29797.07498092362,29757.07498092362,29777.07498092362,775
2025-09-07 11:00:00+00:00,29809.759363067074,29829.759363067074,29789.759363067074,29809.759363067074,404
2025-09-07 12:00:00+00:00,29786.51467626563,29806.51467626563,29766.51467626563,29786.51467626563,512
2025-09-07 13:00:00+00:00,29765.080692859872,29785.080692859872,29745.080692859872,29765.080692859872,992
2025-09-07 14:00:00+00:00,29679.304742687942,29699.304742687942,29659.304742687942,29679.304742687942,358
2025-09-07 15:00:00+00:00,29586.740272921284,29606.740272921284,29566.740272921284,29586.740272921284,417
2025-09-07 16:00:00+00:00,29569.25928189423,29589.25928189423,29549.25928189423,29569.25928189423,306
2025-09-07 17:00:00+00:00,29542.430141438137,29562.430141438137,29522.430141438137,29542.430141438137,222
2025-09-07 18:00:00+00:00,29596.364605401563,29616.364605401563,29576.364605401563,29596.364605401563,899
2025-09-07 19:00:00+00:00,29625.071619403996,29645.071619403996,29605.071619403996,29625.071619403996,246
2025-09-07 20:00:00+00:00,29660.687801711883,29680.687801711883,29640.687801711883,29660.687801711883,789
2025-09-07 21:00:00+00:00,29654.641690191886,29674.641690191886,29634.641690191886,29654.641690191886,174
2025-09-07 22:00:00+00:00,29651.68404636543,29671.68404636543,29631.68404636543,29651.68404636543,705
2025-09-07 23:00:00+00:00,29694.660845486735,29714.660845486735,29674.660845486735,29694.660845486735,395
2025-09-08 00:00:00+00:00,29730.78533157685,29750.78533157685,29710.78533157685,29730.78533157685,575
2025-09-08 01:00:00+00:00,29791.452430796697,29811.452430796697,29771.452430796697,29791.452430796697,170
2025-09-08 02:00:00+00:00,29768.079231143816,29788.079231143816,29748.079231143816,29768.079231143816,243
2025-09-08 03:00:00+00:00,29895.77332806665,29915.77332806665,29875.77332806665,29895.77332806665,888
2025-09-08 04:00:00+00:00,30054.330197087293,30074.330197087293,30034.330197087293,30054.330197087293,719
2025-09-08 05:00:00+00:00,30021.191407403836,30041.191407403836,30001.191407403836,30021.191407403836,22
2025-09-08 06:00:00+00:00,30043.39487721848,30063.39487721848,30023.39487721848,30043.39487721848,679
2025-09-08 07:00:00+00:00,30124.666693097388,30144.666693097388,30104.666693097388,30124.666693097388,980
2025-09-08 08:00:00+00:00,30144.034361109458,30164.034361109458,30124.034361109458,30144.034361109458,452
2025-09-08 09:00:00+00:00,30118.495853515775,30138.495853515775,30098.495853515775,30118.495853515775,20
2025-09-08 10:00:00+00:00,30068.215000636388,30088.215000636388,30048.215000636388,30068.215000636388,39
2025-09-08 11:00:00+00:00,30039.441063270126,30059.441063270126,30019.441063270126,30039.441063270126,882
2025-09-08 12:00:00+00:00,29940.698390336605,29960.698390336605,29920.698390336605,29940.698390336605,797
2025-09-08 13:00:00+00:00,29909.66011195801,29929.66011195801,29889.66011195801,29909.66011195801,747
2025-09-08 14:00:00+00:00,29803.23961126538,29823.23961126538,29783.23961126538,29803.23961126538,523
2025-09-08 15:00:00+00:00,29776.15625112562,29796.15625112562,29756.15625112562,29776.15625112562,944
2025-09-08 16:00:00+00:00,29789.64268109381,29809.64268109381,29769.64268109381,29789.64268109381,688
2025-09-08 17:00:00+00:00,29787.696848723685,29807.696848723685,29767.696848723685,29787.696848723685,46
2025-09-08 18:00:00+00:00,29734.01561649258,29754.01561649258,29714.01561649258,29734.01561649258,375
2025-09-08 19:00:00+00:00,29732.031428438193,29752.031428438193,29712.031428438193,29732.031428438193,971
2025-09-08 20:00:00+00:00,29800.096052184712,29820.096052184712,29780.096052184712,29800.096052184712,772
2025-09-08 21:00:00+00:00,29695.28939690002,29715.28939690002,29675.28939690002,29695.28939690002,84
2025-09-08 22:00:00+00:00,29724.816640956415,29744.816640956415,29704.816640956415,29724.816640956415,779
2025-09-08 23:00:00+00:00,29754.150197266896,29774.150197266896,29734.150197266896,29754.150197266896,430
2025-09-09 00:00:00+00:00,29794.361065734334,29814.361065734334,29774.361065734334,29794.361065734334,354
2025-09-09 01:00:00+00:00,29870.983216061468,29890.983216061468,29850.983216061468,29870.983216061468,346
2025-09-09 02:00:00+00:00,29878.608703657814,29898.608703657814,29858.608703657814,29878.608703657814,915
2025-09-09 03:00:00+00:00,29869.46296200094,29889.46296200094,29849.46296200094,29869.46296200094,40
2025-09-09 04:00:00+00:00,29910.497974230482,29930.497974230482,29890.497974230482,29910.497974230482,903
2025-09-09 05:00:00+00:00,29989.85877066433,30009.85877066433,29969.85877066433,29989.85877066433,873
2025-09-09 06:00:00+00:00,29980.109375005606,30000.109375005606,29960.109375005606,29980.109375005606,878
2025-09-09 07:00:00+00:00,29949.761837524864,29969.761837524864,29929.761837524864,29949.761837524864,944
2025-09-09 08:00:00+00:00,30007.669397912076,30027.669397912076,29987.669397912076,30007.669397912076,17
2025-09-09 09:00:00+00:00,29941.87860315282,29961.87860315282,29921.87860315282,29941.87860315282,24
2025-09-09 10:00:00+00:00,29977.199212835138,29997.199212835138,29957.199212835138,29977.199212835138,239
2025-09-09 11:00:00+00:00,29979.160110536723,29999.160110536723,29959.160110536723,29979.160110536723,230
2025-09-09 12:00:00+00:00,29985.102582162992,30005.102582162992,29965.102582162992,29985.102582162992,488
2025-09-09 13:00:00+00:00,29916.722082388653,29936.722082388653,29896.722082388653,29916.722082388653,878
2025-09-09 14:00:00+00:00,29904.472763649454,29924.472763649454,29884.472763649454,29904.472763649454,612
2025-09-09 15:00:00+00:00,29908.952846625856,29928.952846625856,29888.952846625856,29908.952846625856,613
2025-09-09 16:00:00+00:00,29867.448404083665,29887.448404083665,29847.448404083665,29867.448404083665,443
2025-09-09 17:00:00+00:00,29899.94836861097,29919.94836861097,29879.94836861097,29899.94836861097,573
2025-09-09 18:00:00+00:00,29895.83133273695,29915.83133273695,29875.83133273695,29895.83133273695,340
2025-09-09 19:00:00+00:00,29919.776924721467,29939.776924721467,29899.776924721467,29919.776924721467,501
2025-09-09 20:00:00+00:00,29958.12787993307,29978.12787993307,29938.12787993307,29958.12787993307,420
2025-09-09 21:00:00+00:00,29940.318579511088,29960.318579511088,29920.318579511088,29940.318579511088,663
2025-09-09 22:00:00+00:00,30007.52793318546,30027.52793318546,29987.52793318546,30007.52793318546,209
2025-09-09 23:00:00+00:00,30025.935336170543,30045.935336170543,30005.935336170543,30025.935336170543,690
2025-09-10 00:00:00+00:00,29997.45116260363,30017.45116260363,29977.45116260363,29997.45116260363,740
2025-09-10 01:00:00+00:00,30072.16268340899,30092.16268340899,30052.16268340899,30072.16268340899,753
2025-09-10 02:00:00+00:00,30048.13099375469,30068.13099375469,30028.13099375469,30048.13099375469,243
2025-09-10 03:00:00+00:00,29985.53415236375,30005.53415236375,29965.53415236375,29985.53415236375,678
2025-09-10 04:00:00+00:00,30103.16797386466,30123.16797386466,30083.16797386466,30103.16797386466,435
2025-09-10 05:00:00+00:00,30149.457366936298,30169.457366936298,30129.457366936298,30149.457366936298,216
2025-09-10 06:00:00+00:00,30056.250415568644,30076.250415568644,30036.250415568644,30056.250415568644,708
2025-09-10 07:00:00+00:00,30015.51350931031,30035.51350931031,29995.51350931031,30015.51350931031,841
2025-09-10 08:00:00+00:00,30150.809075044086,30170.809075044086,30130.809075044086,30150.809075044086,269
2025-09-10 09:00:00+00:00,30134.817789325392,30154.817789325392,30114.817789325392,30134.817789325392,581
2025-09-10 10:00:00+00:00,30094.002670333757,30114.002670333757,30074.002670333757,30094.002670333757,500
2025-09-10 11:00:00+00:00,30178.889128622926,30198.889128622926,30158.889128622926,30178.889128622926,386
2025-09-10 12:00:00+00:00,30208.525041464578,30228.525041464578,30188.525041464578,30208.525041464578,104
2025-09-10 13:00:00+00:00,30248.4301391296,30268.4301391296,30228.4301391296,30248.4301391296,662
2025-09-10 14:00:00+00:00,30253.274239030503,30273.274239030503,30233.274239030503,30253.274239030503,207
2025-09-10 15:00:00+00:00,30237.727420036754,30257.727420036754,30217.727420036754,30237.727420036754,633
2025-09-10 16:00:00+00:00,30166.74566749194,30186.74566749194,30146.74566749194,30166.74566749194,204
2025-09-10 17:00:00+00:00,30087.35447740366,30107.35447740366,30067.35447740366,30087.35447740366,608
2025-09-10 18:00:00+00:00,30162.294143315543,30182.294143315543,30142.294143315543,30162.294143315543,68
2025-09-10 19:00:00+00:00,30159.974014092484,30179.974014092484,30139.974014092484,30159.974014092484,868
2025-09-10 20:00:00+00:00,30188.14215210418,30208.14215210418,30168.14215210418,30188.14215210418,83
2025-09-10 21:00:00+00:00,30272.57048823094,30292.57048823094,30252.57048823094,30272.57048823094,19
2025-09-10 22:00:00+00:00,30214.036149862044,30234.036149862044,30194.036149862044,30214.036149862044,878
2025-09-10 23:00:00+00:00,30223.69127286915,30243.69127286915,30203.69127286915,30223.69127286915,737
2025-09-11 00:00:00+00:00,30225.648088711998,30245.648088711998,30205.648088711998,30225.648088711998,489
2025-09-11 01:00:00+00:00,30247.526474787875,30267.526474787875,30227.526474787875,30247.526474787875,887
2025-09-11 02:00:00+00:00,30223.21935900168,30243.21935900168,30203.21935900168,30223.21935900168,591
2025-09-11 03:00:00+00:00,30221.76659229482,30241.76659229482,30201.76659229482,30221.76659229482,213
2025-09-11 04:00:00+00:00,30215.531661806588,30235.531661806588,30195.531661806588,30215.531661806588,732
2025-09-11 05:00:00+00:00,30208.458470867292,30228.458470867292,30188.458470867292,30208.458470867292,659
2025-09-11 06:00:00+00:00,30207.094677248642,30227.094677248642,30187.094677248642,30207.094677248642,427
2025-09-11 07:00:00+00:00,30240.669222696248,30260.669222696248,30220.669222696248,30240.669222696248,387
2025-09-11 08:00:00+00:00,30214.745262722532,30234.745262722532,30194.745262722532,30214.745262722532,691
2025-09-11 09:00:00+00:00,30202.92536507521,30222.92536507521,30182.92536507521,30202.92536507521,156
2025-09-11 10:00:00+00:00,30133.196282494817,30153.196282494817,30113.196282494817,30133.196282494817,413
2025-09-11 11:00:00+00:00,30169.058784263438,30189.058784263438,30149.058784263438,30169.058784263438,664
2025-09-11 12:00:00+00:00,30167.597448167606,30187.597448167606,30147.597448167606,30167.597448167606,311
2025-09-11 13:00:00+00:00,30083.719763016834,30103.719763016834,30063.719763016834,30083.719763016834,961
2025-09-11 14:00:00+00:00,30112.53085639959,30132.53085639959,30092.53085639959,30112.53085639959,641
2025-09-11 15:00:00+00:00,30134.34657791965,30154.34657791965,30114.34657791965,30134.34657791965,469
2025-09-11 16:00:00+00:00,30103.45051342142,30123.45051342142,30083.45051342142,30103.45051342142,823
2025-09-11 17:00:00+00:00,30169.293380694966,30189.293380694966,30149.293380694966,30169.293380694966,613
2025-09-11 18:00:00+00:00,30176.172068315216,30196.172068315216,30156.172068315216,30176.172068315216,922
2025-09-11 19:00:00+00:00,30213.19828770429,30233.19828770429,30193.19828770429,30213.19828770429,507
2025-09-11 20:00:00+00:00,30279.084544994108,30299.084544994108,30259.084544994108,30279.084544994108,977
2025-09-11 21:00:00+00:00,30320.04453418156,30340.04453418156,30300.04453418156,30320.04453418156,292
2025-09-11 22:00:00+00:00,30344.95947519182,30364.95947519182,30324.95947519182,30344.95947519182,932
2025-09-11 23:00:00+00:00,30332.65838862469,30352.65838862469,30312.65838862469,30332.65838862469,767
2025-09-12 00:00:00+00:00,30367.26526270781,30387.26526270781,30347.26526270781,30367.26526270781,901
2025-09-12 01:00:00+00:00,30378.420264522145,30398.420264522145,30358.420264522145,30378.420264522145,914
2025-09-12 02:00:00+00:00,30311.90669175185,30331.90669175185,30291.90669175185,30311.90669175185,674
2025-09-12 03:00:00+00:00,30277.519305456342,30297.519305456342,30257.519305456342,30277.519305456342,266
2025-09-12 04:00:00+00:00,30198.122252696186,30218.122252696186,30178.122252696186,30198.122252696186,149
2025-09-12 05:00:00+00:00,30107.027140034006,30127.027140034006,30087.027140034006,30107.027140034006,119
2025-09-12 06:00:00+00:00,30161.754286887353,30181.754286887353,30141.754286887353,30161.754286887353,394
2025-09-12 07:00:00+00:00,30196.953438769837,30216.953438769837,30176.953438769837,30196.953438769837,363
2025-09-12 08:00:00+00:00,30136.01911542224,30156.01911542224,30116.01911542224,30136.01911542224,79
2025-09-12 09:00:00+00:00,30085.226858070793,30105.226858070793,30065.226858070793,30085.226858070793,148
2025-09-12 10:00:00+00:00,30096.523998182838,30116.523998182838,30076.523998182838,30096.523998182838,30
2025-09-12 11:00:00+00:00,30100.33807748309,30120.33807748309,30080.33807748309,30100.33807748309,102
2025-09-12 12:00:00+00:00,30100.574882555076,30120.574882555076,30080.574882555076,30100.574882555076,756
2025-09-12 13:00:00+00:00,30124.990316333777,30144.990316333777,30104.990316333777,30124.990316333777,185
2025-09-12 14:00:00+00:00,30200.671810108575,30220.671810108575,30180.671810108575,30200.671810108575,216
2025-09-12 15:00:00+00:00,30176.676634667867,30196.676634667867,30156.676634667867,30176.676634667867,546
2025-09-12 16:00:00+00:00,30140.822736616527,30160.822736616527,30120.822736616527,30140.822736616527,271
2025-09-12 17:00:00+00:00,30156.629081233477,30176.629081233477,30136.629081233477,30156.629081233477,533
2025-09-12 18:00:00+00:00,30201.476537180355,30221.476537180355,30181.476537180355,30201.476537180355,335
2025-09-12 19:00:00+00:00,30230.008840242383,30250.008840242383,30210.008840242383,30230.008840242383,888
2025-09-12 20:00:00+00:00,30245.754480018793,30265.754480018793,30225.754480018793,30245.754480018793,314
2025-09-12 21:00:00+00:00,30241.137559357405,30261.137559357405,30221.137559357405,30241.137559357405,791
2025-09-12 22:00:00+00:00,30254.59713171883,30274.59713171883,30234.59713171883,30254.59713171883,305
2025-09-12 23:00:00+00:00,30229.91125898224,30249.91125898224,30209.91125898224,30229.91125898224,151
2025-09-13 00:00:00+00:00,30280.30259631547,30300.30259631547,30260.30259631547,30280.30259631547,427
2025-09-13 01:00:00+00:00,30259.211915229957,30279.211915229957,30239.211915229957,30259.211915229957,182
2025-09-13 02:00:00+00:00,30313.788181231146,30333.788181231146,30293.788181231146,30313.788181231146,87
2025-09-13 03:00:00+00:00,30403.735099432557,30423.735099432557,30383.735099432557,30403.735099432557,868
2025-09-13 04:00:00+00:00,30321.886357524658,30341.886357524658,30301.886357524658,30321.886357524658,262
2025-09-13 05:00:00+00:00,30305.757469013617,30325.757469013617,30285.757469013617,30305.757469013617,885
2025-09-13 06:00:00+00:00,30244.12363691743,30264.12363691743,30224.12363691743,30244.12363691743,516
2025-09-13 07:00:00+00:00,30230.124362872004,30250.124362872004,30210.124362872004,30230.124362872004,883
2025-09-13 08:00:00+00:00,30223.832747887773,30243.832747887773,30203.832747887773,30223.832747887773,800
2025-09-13 09:00:00+00:00,30182.20684444574,30202.20684444574,30162.20684444574,30182.20684444574,922
2025-09-13 10:00:00+00:00,30110.181144639984,30130.181144639984,30090.181144639984,30110.181144639984,141
2025-09-13 11:00:00+00:00,30101.617221662556,30121.617221662556,30081.617221662556,30101.617221662556,176
2025-09-13 12:00:00+00:00,30092.528219344167,30112.528219344167,30072.528219344167,30092.528219344167,206
2025-09-13 13:00:00+00:00,30108.502619608676,30128.502619608676,30088.502619608676,30108.502619608676,811
2025-09-13 14:00:00+00:00,30028.639538015028,30048.639538015028,30008.639538015028,30028.639538015028,221
2025-09-13 15:00:00+00:00,30058.287318621537,30078.287318621537,30038.287318621537,30058.287318621537,947
2025-09-13 16:00:00+00:00,30087.100427400455,30107.100427400455,30067.100427400455,30087.100427400455,116
2025-09-13 17:00:00+00:00,30087.678654062544,30107.678654062544,30067.678654062544,30087.678654062544,229
2025-09-13 18:00:00+00:00,30128.325237668098,30148.325237668098,30108.325237668098,30128.325237668098,924
2025-09-13 19:00:00+00:00,30144.646397816887,30164.646397816887,30124.646397816887,30144.646397816887,69
2025-09-13 20:00:00+00:00,30100.72184851826,30120.72184851826,30080.72184851826,30100.72184851826,700
2025-09-13 21:00:00+00:00,30153.9142662167,30173.9142662167,30133.9142662167,30153.9142662167,955
2025-09-13 22:00:00+00:00,30225.37709451312,30245.37709451312,30205.37709451312,30225.37709451312,181
2025-09-13 23:00:00+00:00,30317.533118268475,30337.533118268475,30297.533118268475,30317.533118268475,814
2025-09-14 00:00:00+00:00,30255.963003493187,30275.963003493187,30235.963003493187,30255.963003493187,357
2025-09-14 01:00:00+00:00,30116.04910496637,30136.04910496637,30096.04910496637,30116.04910496637,439
2025-09-14 02:00:00+00:00,30157.19786732308,30177.19786732308,30137.19786732308,30157.19786732308,970
2025-09-14 03:00:00+00:00,30134.31170796049,30154.31170796049,30114.31170796049,30134.31170796049,310
2025-09-14 04:00:00+00:00,30125.369905683845,30145.369905683845,30105.369905683845,30125.369905683845,924
2025-09-14 05:00:00+00:00,30124.521427523207,30144.521427523207,30104.521427523207,30124.521427523207,429
2025-09-14 06:00:00+00:00,30061.062171843907,30081.062171843907,30041.062171843907,30061.062171843907,226
2025-09-14 07:00:00+00:00,30096.80882976966,30116.80882976966,30076.80882976966,30096.80882976966,74
2025-09-14 08:00:00+00:00,30098.2719934995,30118.2719934995,30078.2719934995,30098.2719934995,585
2025-09-14 09:00:00+00:00,30038.52650280127,30058.52650280127,30018.52650280127,30038.52650280127,571
2025-09-14 10:00:00+00:00,30102.94133711272,30122.94133711272,30082.94133711272,30102.94133711272,433
2025-09-14 11:00:00+00:00,30057.25231281112,30077.25231281112,30037.25231281112,30057.25231281112,480
2025-09-14 12:00:00+00:00,29978.617242084052,29998.617242084052,29958.617242084052,29978.617242084052,487
2025-09-14 13:00:00+00:00,29994.192025002343,30014.192025002343,29974.192025002343,29994.192025002343,455
2025-09-14 14:00:00+00:00,30032.95736881527,30052.95736881527,30012.95736881527,30032.95736881527,834
2025-09-14 15:00:00+00:00,30044.58407676267,30064.58407676267,30024.58407676267,30044.58407676267,254
2025-09-14 16:00:00+00:00,29982.375694922655,30002.375694922655,29962.375694922655,29982.375694922655,585
2025-09-14 17:00:00+00:00,29968.4363683779,29988.4363683779,29948.4363683779,29968.4363683779,651
2025-09-14 18:00:00+00:00,29862.187776508905,29882.187776508905,29842.187776508905,29862.187776508905,802
2025-09-14 19:00:00+00:00,29878.12070951596,29898.12070951596,29858.12070951596,29878.12070951596,484
2025-09-14 20:00:00+00:00,29814.553272527904,29834.553272527904,29794.553272527904,29814.553272527904,180
2025-09-14 21:00:00+00:00,29794.482541223173,29814.482541223173,29774.482541223173,29794.482541223173,300
2025-09-14 22:00:00+00:00,29813.013475454372,29833.013475454372,29793.013475454372,29813.013475454372,533
2025-09-14 23:00:00+00:00,29838.47518467624,29858.47518467624,29818.47518467624,29838.47518467624,784
2025-09-15 00:00:00+00:00,29813.247260057888,29833.247260057888,29793.247260057888,29813.247260057888,632
2025-09-15 01:00:00+00:00,29806.447233592302,29826.447233592302,29786.447233592302,29806.447233592302,24
2025-09-15 02:00:00+00:00,29847.662112707803,29867.662112707803,29827.662112707803,29847.662112707803,30
2025-09-15 03:00:00+00:00,29926.55145597936,29946.55145597936,29906.55145597936,29926.55145597936,102
2025-09-15 04:00:00+00:00,29850.948065879867,29870.948065879867,29830.948065879867,29850.948065879867,810
2025-09-15 05:00:00+00:00,29879.790265279604,29899.790265279604,29859.790265279604,29879.790265279604,709
2025-09-15 06:00:00+00:00,29898.180685458858,29918.180685458858,29878.180685458858,29898.180685458858,551
2025-09-15 07:00:00+00:00,29890.20378396123,29910.20378396123,29870.20378396123,29890.20378396123,787
2025-09-15 08:00:00+00:00,29886.407938400866,29906.407938400866,29866.407938400866,29886.407938400866,273
2025-09-15 09:00:00+00:00,29861.449256596054,29881.449256596054,29841.449256596054,29861.449256596054,738
2025-09-15 10:00:00+00:00,29768.476540074575,29788.476540074575,29748.476540074575,29768.476540074575,71
2025-09-15 11:00:00+00:00,29701.68317935595,29721.68317935595,29681.68317935595,29701.68317935595,458
2025-09-15 12:00:00+00:00,29655.61566155384,29675.61566155384,29635.61566155384,29655.61566155384,850
2025-09-15 13:00:00+00:00,29712.22837392482,29732.22837392482,29692.22837392482,29712.22837392482,983
2025-09-15 14:00:00+00:00,29707.051670185505,29727.051670185505,29687.051670185505,29707.051670185505,408
2025-09-15 15:00:00+00:00,29687.422798718733,29707.422798718733,29667.422798718733,29687.422798718733,423
2025-09-15 16:00:00+00:00,29747.019485230117,29767.019485230117,29727.019485230117,29747.019485230117,847
2025-09-15 17:00:00+00:00,29756.614369718318,29776.614369718318,29736.614369718318,29756.614369718318,893
2025-09-15 18:00:00+00:00,29772.143521129452,29792.143521129452,29752.143521129452,29772.143521129452,669
2025-09-15 19:00:00+00:00,29730.918224991387,29750.918224991387,29710.918224991387,29730.918224991387,144
2025-09-15 20:00:00+00:00,29701.049422535034,29721.049422535034,29681.049422535034,29701.049422535034,464
2025-09-15 21:00:00+00:00,29740.47947662417,29760.47947662417,29720.47947662417,29740.47947662417,438
2025-09-15 22:00:00+00:00,29745.843412045226,29765.843412045226,29725.843412045226,29745.843412045226,910
2025-09-15 23:00:00+00:00,29780.650627667583,29800.650627667583,29760.650627667583,29780.650627667583,329
2025-09-16 00:00:00+00:00,29765.404059215074,29785.404059215074,29745.404059215074,29765.404059215074,886
2025-09-16 01:00:00+00:00,29638.24695665268,29658.24695665268,29618.24695665268,29638.24695665268,36
2025-09-16 02:00:00+00:00,29661.42334673882,29681.42334673882,29641.42334673882,29661.42334673882,725
2025-09-16 03:00:00+00:00,29687.53544929673,29707.53544929673,29667.53544929673,29687.53544929673,503
2025-09-16 04:00:00+00:00,29673.215325313962,29693.215325313962,29653.215325313962,29673.215325313962,689
2025-09-16 05:00:00+00:00,29678.903834645098,29698.903834645098,29658.903834645098,29678.903834645098,55
2025-09-16 06:00:00+00:00,29642.79119984732,29662.79119984732,29622.79119984732,29642.79119984732,603
2025-09-16 07:00:00+00:00,29656.253276687225,29676.253276687225,29636.253276687225,29656.253276687225,164
2025-09-16 08:00:00+00:00,29661.9263743076,29681.9263743076,29641.9263743076,29661.9263743076,640
2025-09-16 09:00:00+00:00,29628.184024731363,29648.184024731363,29608.184024731363,29628.184024731363,74
2025-09-16 10:00:00+00:00,29632.064577127716,29652.064577127716,29612.064577127716,29632.064577127716,24
2025-09-16 11:00:00+00:00,29575.017627818448,29595.017627818448,29555.017627818448,29575.017627818448,178
2025-09-16 12:00:00+00:00,29565.80621334228,29585.80621334228,29545.80621334228,29565.80621334228,893
2025-09-16 13:00:00+00:00,29545.82807059942,29565.82807059942,29525.82807059942,29545.82807059942,234
2025-09-16 14:00:00+00:00,29444.384860182487,29464.384860182487,29424.384860182487,29444.384860182487,247
2025-09-16 15:00:00+00:00,29502.626407788168,29522.626407788168,29482.626407788168,29502.626407788168,846
2025-09-16 16:00:00+00:00,29552.140949320303,29572.140949320303,29532.140949320303,29552.140949320303,551
2025-09-16 17:00:00+00:00,29512.580675434234,29532.580675434234,29492.580675434234,29512.580675434234,990
2025-09-16 18:00:00+00:00,29625.84516081468,29645.84516081468,29605.84516081468,29625.84516081468,523
2025-09-16 19:00:00+00:00,29598.798106663362,29618.798106663362,29578.798106663362,29598.798106663362,159
2025-09-16 20:00:00+00:00,29648.66026494505,29668.66026494505,29628.66026494505,29648.66026494505,996
2025-09-16 21:00:00+00:00,29620.119966440503,29640.119966440503,29600.119966440503,29620.119966440503,451
2025-09-16 22:00:00+00:00,29640.492478151893,29660.492478151893,29620.492478151893,29640.492478151893,752
2025-09-16 23:00:00+00:00,29624.146084082473,29644.146084082473,29604.146084082473,29624.146084082473,867
2025-09-17 00:00:00+00:00,29675.280798942582,29695.280798942582,29655.280798942582,29675.280798942582,452
2025-09-17 01:00:00+00:00,29676.867314251853,29696.867314251853,29656.867314251853,29676.867314251853,249
2025-09-17 02:00:00+00:00,29698.896353864824,29718.896353864824,29678.896353864824,29698.896353864824,414
2025-09-17 03:00:00+00:00,29802.948483269185,29822.948483269185,29782.948483269185,29802.948483269185,270
2025-09-17 04:00:00+00:00,29716.842603153204,29736.842603153204,29696.842603153204,29716.842603153204,52
2025-09-17 05:00:00+00:00,29745.963855192345,29765.963855192345,29725.963855192345,29745.963855192345,519
2025-09-17 06:00:00+00:00,29633.8195022698,29653.8195022698,29613.8195022698,29633.8195022698,15
2025-09-17 07:00:00+00:00,29659.20466950074,29679.20466950074,29639.20466950074,29659.20466950074,14
2025-09-17 08:00:00+00:00,29637.50994904806,29657.50994904806,29617.50994904806,29637.50994904806,381
2025-09-17 09:00:00+00:00,29617.275416824352,29637.275416824352,29597.275416824352,29617.275416824352,564
2025-09-17 10:00:00+00:00,29636.296492729347,29656.296492729347,29616.296492729347,29636.296492729347,381
